date,typ,vorlagen,ergebnis
2026-03-08,https://politics.ld.admin.ch/political-rights/popular-vote/voting_dates/typ/genutzt,5,https://politics.ld.admin.ch/political-rights/popular-vote/voting_dates/ergebnis/nein
2026-06-14,https://politics.ld.admin.ch/political-rights/popular-vote/voting_dates/typ/genutzt,2,https://politics.ld.admin.ch/political-rights/popular-vote/voting_dates/ergebnis/nein
2026-09-27,https://politics.ld.admin.ch/political-rights/popular-vote/voting_dates/typ/festgelegt,2,https://politics.ld.admin.ch/political-rights/popular-vote/voting_dates/ergebnis/nein
2026-11-29,https://politics.ld.admin.ch/political-rights/popular-vote/voting_dates/typ/festgelegt,4,https://politics.ld.admin.ch/political-rights/popular-vote/voting_dates/ergebnis/nein
2027-02-28,https://politics.ld.admin.ch/political-rights/popular-vote/voting_dates/typ/blanko,-,https://politics.ld.admin.ch/political-rights/popular-vote/voting_dates/ergebnis/nein
2027-06-06,https://politics.ld.admin.ch/political-rights/popular-vote/voting_dates/typ/blanko,-,https://politics.ld.admin.ch/political-rights/popular-vote/voting_dates/ergebnis/nein
2027-10-24,https://politics.ld.admin.ch/political-rights/popular-vote/voting_dates/typ/nationalratswahlen,-,https://politics.ld.admin.ch/political-rights/popular-vote/voting_dates/ergebnis/ja
2028-03-19,https://politics.ld.admin.ch/political-rights/popular-vote/voting_dates/typ/blanko,-,https://politics.ld.admin.ch/political-rights/popular-vote/voting_dates/ergebnis/nein
2028-06-11,https://politics.ld.admin.ch/political-rights/popular-vote/voting_dates/typ/blanko,-,https://politics.ld.admin.ch/political-rights/popular-vote/voting_dates/ergebnis/nein
2028-09-24,https://politics.ld.admin.ch/political-rights/popular-vote/voting_dates/typ/blanko,-,https://politics.ld.admin.ch/political-rights/popular-vote/voting_dates/ergebnis/nein
2028-11-26,https://politics.ld.admin.ch/political-rights/popular-vote/voting_dates/typ/blanko,-,https://politics.ld.admin.ch/political-rights/popular-vote/voting_dates/ergebnis/nein
2029-03-04,https://politics.ld.admin.ch/political-rights/popular-vote/voting_dates/typ/blanko,-,https://politics.ld.admin.ch/political-rights/popular-vote/voting_dates/ergebnis/nein
2029-05-27,https://politics.ld.admin.ch/political-rights/popular-vote/voting_dates/typ/blanko,-,https://politics.ld.admin.ch/political-rights/popular-vote/voting_dates/ergebnis/nein
2029-09-23,https://politics.ld.admin.ch/political-rights/popular-vote/voting_dates/typ/blanko,-,https://politics.ld.admin.ch/political-rights/popular-vote/voting_dates/ergebnis/nein
2029-11-25,https://politics.ld.admin.ch/political-rights/popular-vote/voting_dates/typ/blanko,-,https://politics.ld.admin.ch/political-rights/popular-vote/voting_dates/ergebnis/nein
2030-03-24,https://politics.ld.admin.ch/political-rights/popular-vote/voting_dates/typ/blanko,-,https://politics.ld.admin.ch/political-rights/popular-vote/voting_dates/ergebnis/nein
2030-06-16,https://politics.ld.admin.ch/political-rights/popular-vote/voting_dates/typ/blanko,-,https://politics.ld.admin.ch/political-rights/popular-vote/voting_dates/ergebnis/nein
2030-09-22,https://politics.ld.admin.ch/political-rights/popular-vote/voting_dates/typ/blanko,-,https://politics.ld.admin.ch/political-rights/popular-vote/voting_dates/ergebnis/nein
2030-11-24,https://politics.ld.admin.ch/political-rights/popular-vote/voting_dates/typ/blanko,-,https://politics.ld.admin.ch/political-rights/popular-vote/voting_dates/ergebnis/nein
2031-03-16,https://politics.ld.admin.ch/political-rights/popular-vote/voting_dates/typ/blanko,-,https://politics.ld.admin.ch/political-rights/popular-vote/voting_dates/ergebnis/nein
2031-06-08,https://politics.ld.admin.ch/political-rights/popular-vote/voting_dates/typ/blanko,-,https://politics.ld.admin.ch/political-rights/popular-vote/voting_dates/ergebnis/nein
2031-10-19,https://politics.ld.admin.ch/political-rights/popular-vote/voting_dates/typ/nationalratswahlen,-,https://politics.ld.admin.ch/political-rights/popular-vote/voting_dates/ergebnis/ja
2032-02-29,https://politics.ld.admin.ch/political-rights/popular-vote/voting_dates/typ/blanko,-,https://politics.ld.admin.ch/political-rights/popular-vote/voting_dates/ergebnis/nein
2032-05-23,https://politics.ld.admin.ch/political-rights/popular-vote/voting_dates/typ/blanko,-,https://politics.ld.admin.ch/political-rights/popular-vote/voting_dates/ergebnis/nein
2032-09-26,https://politics.ld.admin.ch/political-rights/popular-vote/voting_dates/typ/blanko,-,https://politics.ld.admin.ch/political-rights/popular-vote/voting_dates/ergebnis/nein
2032-11-28,https://politics.ld.admin.ch/political-rights/popular-vote/voting_dates/typ/blanko,-,https://politics.ld.admin.ch/political-rights/popular-vote/voting_dates/ergebnis/nein
2033-03-20,https://politics.ld.admin.ch/political-rights/popular-vote/voting_dates/typ/blanko,-,https://politics.ld.admin.ch/political-rights/popular-vote/voting_dates/ergebnis/nein
2033-06-12,https://politics.ld.admin.ch/political-rights/popular-vote/voting_dates/typ/blanko,-,https://politics.ld.admin.ch/political-rights/popular-vote/voting_dates/ergebnis/nein
2033-09-25,https://politics.ld.admin.ch/political-rights/popular-vote/voting_dates/typ/blanko,-,https://politics.ld.admin.ch/political-rights/popular-vote/voting_dates/ergebnis/nein
2033-11-27,https://politics.ld.admin.ch/political-rights/popular-vote/voting_dates/typ/blanko,-,https://politics.ld.admin.ch/political-rights/popular-vote/voting_dates/ergebnis/nein
2034-03-12,https://politics.ld.admin.ch/political-rights/popular-vote/voting_dates/typ/blanko,-,https://politics.ld.admin.ch/political-rights/popular-vote/voting_dates/ergebnis/nein
2034-06-04,https://politics.ld.admin.ch/political-rights/popular-vote/voting_dates/typ/blanko,-,https://politics.ld.admin.ch/political-rights/popular-vote/voting_dates/ergebnis/nein
2034-09-24,https://politics.ld.admin.ch/political-rights/popular-vote/voting_dates/typ/blanko,-,https://politics.ld.admin.ch/political-rights/popular-vote/voting_dates/ergebnis/nein
2034-11-26,https://politics.ld.admin.ch/political-rights/popular-vote/voting_dates/typ/blanko,-,https://politics.ld.admin.ch/political-rights/popular-vote/voting_dates/ergebnis/nein
2035-02-25,https://politics.ld.admin.ch/political-rights/popular-vote/voting_dates/typ/blanko,-,https://politics.ld.admin.ch/political-rights/popular-vote/voting_dates/ergebnis/nein
2035-05-20,https://politics.ld.admin.ch/political-rights/popular-vote/voting_dates/typ/blanko,-,https://politics.ld.admin.ch/political-rights/popular-vote/voting_dates/ergebnis/nein
2035-10-21,https://politics.ld.admin.ch/political-rights/popular-vote/voting_dates/typ/nationalratswahlen,-,https://politics.ld.admin.ch/political-rights/popular-vote/voting_dates/ergebnis/ja
2036-03-16,https://politics.ld.admin.ch/political-rights/popular-vote/voting_dates/typ/blanko,-,https://politics.ld.admin.ch/political-rights/popular-vote/voting_dates/ergebnis/nein
2036-06-08,https://politics.ld.admin.ch/political-rights/popular-vote/voting_dates/typ/blanko,-,https://politics.ld.admin.ch/political-rights/popular-vote/voting_dates/ergebnis/nein
2036-09-28,https://politics.ld.admin.ch/political-rights/popular-vote/voting_dates/typ/blanko,-,https://politics.ld.admin.ch/political-rights/popular-vote/voting_dates/ergebnis/nein
2036-11-30,https://politics.ld.admin.ch/political-rights/popular-vote/voting_dates/typ/blanko,-,https://politics.ld.admin.ch/political-rights/popular-vote/voting_dates/ergebnis/nein
2037-03-08,https://politics.ld.admin.ch/political-rights/popular-vote/voting_dates/typ/blanko,-,https://politics.ld.admin.ch/political-rights/popular-vote/voting_dates/ergebnis/nein
2037-05-31,https://politics.ld.admin.ch/political-rights/popular-vote/voting_dates/typ/blanko,-,https://politics.ld.admin.ch/political-rights/popular-vote/voting_dates/ergebnis/nein
2037-09-27,https://politics.ld.admin.ch/political-rights/popular-vote/voting_dates/typ/blanko,-,https://politics.ld.admin.ch/political-rights/popular-vote/voting_dates/ergebnis/nein
2037-11-29,https://politics.ld.admin.ch/political-rights/popular-vote/voting_dates/typ/blanko,-,https://politics.ld.admin.ch/political-rights/popular-vote/voting_dates/ergebnis/nein
2038-03-28,https://politics.ld.admin.ch/political-rights/popular-vote/voting_dates/typ/blanko,-,https://politics.ld.admin.ch/political-rights/popular-vote/voting_dates/ergebnis/nein
2038-06-20,https://politics.ld.admin.ch/political-rights/popular-vote/voting_dates/typ/blanko,-,https://politics.ld.admin.ch/political-rights/popular-vote/voting_dates/ergebnis/nein
2038-09-26,https://politics.ld.admin.ch/political-rights/popular-vote/voting_dates/typ/blanko,-,https://politics.ld.admin.ch/political-rights/popular-vote/voting_dates/ergebnis/nein
2038-11-28,https://politics.ld.admin.ch/political-rights/popular-vote/voting_dates/typ/blanko,-,https://politics.ld.admin.ch/political-rights/popular-vote/voting_dates/ergebnis/nein
2039-03-13,https://politics.ld.admin.ch/political-rights/popular-vote/voting_dates/typ/blanko,-,https://politics.ld.admin.ch/political-rights/popular-vote/voting_dates/ergebnis/nein
2039-06-05,https://politics.ld.admin.ch/political-rights/popular-vote/voting_dates/typ/blanko,-,https://politics.ld.admin.ch/political-rights/popular-vote/voting_dates/ergebnis/nein
2039-10-23,https://politics.ld.admin.ch/political-rights/popular-vote/voting_dates/typ/nationalratswahlen,-,https://politics.ld.admin.ch/political-rights/popular-vote/voting_dates/ergebnis/ja
2040-03-04,https://politics.ld.admin.ch/political-rights/popular-vote/voting_dates/typ/blanko,-,https://politics.ld.admin.ch/political-rights/popular-vote/voting_dates/ergebnis/nein
2040-05-27,https://politics.ld.admin.ch/political-rights/popular-vote/voting_dates/typ/blanko,-,https://politics.ld.admin.ch/political-rights/popular-vote/voting_dates/ergebnis/nein
2040-09-23,https://politics.ld.admin.ch/political-rights/popular-vote/voting_dates/typ/blanko,-,https://politics.ld.admin.ch/political-rights/popular-vote/voting_dates/ergebnis/nein
2040-11-25,https://politics.ld.admin.ch/political-rights/popular-vote/voting_dates/typ/blanko,-,https://politics.ld.admin.ch/political-rights/popular-vote/voting_dates/ergebnis/nein
2041-03-24,https://politics.ld.admin.ch/political-rights/popular-vote/voting_dates/typ/blanko,-,https://politics.ld.admin.ch/political-rights/popular-vote/voting_dates/ergebnis/nein
2041-06-16,https://politics.ld.admin.ch/political-rights/popular-vote/voting_dates/typ/blanko,-,https://politics.ld.admin.ch/political-rights/popular-vote/voting_dates/ergebnis/nein
2041-09-22,https://politics.ld.admin.ch/political-rights/popular-vote/voting_dates/typ/blanko,-,https://politics.ld.admin.ch/political-rights/popular-vote/voting_dates/ergebnis/nein
2041-11-24,https://politics.ld.admin.ch/political-rights/popular-vote/voting_dates/typ/blanko,-,https://politics.ld.admin.ch/political-rights/popular-vote/voting_dates/ergebnis/nein
2042-03-09,https://politics.ld.admin.ch/political-rights/popular-vote/voting_dates/typ/blanko,-,https://politics.ld.admin.ch/political-rights/popular-vote/voting_dates/ergebnis/nein
2042-06-01,https://politics.ld.admin.ch/political-rights/popular-vote/voting_dates/typ/blanko,-,https://politics.ld.admin.ch/political-rights/popular-vote/voting_dates/ergebnis/nein
2042-09-28,https://politics.ld.admin.ch/political-rights/popular-vote/voting_dates/typ/blanko,-,https://politics.ld.admin.ch/political-rights/popular-vote/voting_dates/ergebnis/nein
2042-11-30,https://politics.ld.admin.ch/political-rights/popular-vote/voting_dates/typ/blanko,-,https://politics.ld.admin.ch/political-rights/popular-vote/voting_dates/ergebnis/nein
2043-03-01,https://politics.ld.admin.ch/political-rights/popular-vote/voting_dates/typ/blanko,-,https://politics.ld.admin.ch/political-rights/popular-vote/voting_dates/ergebnis/nein
2043-05-24,https://politics.ld.admin.ch/political-rights/popular-vote/voting_dates/typ/blanko,-,https://politics.ld.admin.ch/political-rights/popular-vote/voting_dates/ergebnis/nein
2043-10-18,https://politics.ld.admin.ch/political-rights/popular-vote/voting_dates/typ/nationalratswahlen,-,https://politics.ld.admin.ch/political-rights/popular-vote/voting_dates/ergebnis/ja
2044-03-20,https://politics.ld.admin.ch/political-rights/popular-vote/voting_dates/typ/blanko,-,https://politics.ld.admin.ch/political-rights/popular-vote/voting_dates/ergebnis/nein
2044-06-12,https://politics.ld.admin.ch/political-rights/popular-vote/voting_dates/typ/blanko,-,https://politics.ld.admin.ch/political-rights/popular-vote/voting_dates/ergebnis/nein
2044-09-25,https://politics.ld.admin.ch/political-rights/popular-vote/voting_dates/typ/blanko,-,https://politics.ld.admin.ch/political-rights/popular-vote/voting_dates/ergebnis/nein
2044-11-27,https://politics.ld.admin.ch/political-rights/popular-vote/voting_dates/typ/blanko,-,https://politics.ld.admin.ch/political-rights/popular-vote/voting_dates/ergebnis/nein
2045-03-12,https://politics.ld.admin.ch/political-rights/popular-vote/voting_dates/typ/blanko,-,https://politics.ld.admin.ch/political-rights/popular-vote/voting_dates/ergebnis/nein
2045-06-04,https://politics.ld.admin.ch/political-rights/popular-vote/voting_dates/typ/blanko,-,https://politics.ld.admin.ch/political-rights/popular-vote/voting_dates/ergebnis/nein
2045-09-24,https://politics.ld.admin.ch/political-rights/popular-vote/voting_dates/typ/blanko,-,https://politics.ld.admin.ch/political-rights/popular-vote/voting_dates/ergebnis/nein
2045-11-26,https://politics.ld.admin.ch/political-rights/popular-vote/voting_dates/typ/blanko,-,https://politics.ld.admin.ch/political-rights/popular-vote/voting_dates/ergebnis/nein
2046-02-25,https://politics.ld.admin.ch/political-rights/popular-vote/voting_dates/typ/blanko,-,https://politics.ld.admin.ch/political-rights/popular-vote/voting_dates/ergebnis/nein
2046-05-20,https://politics.ld.admin.ch/political-rights/popular-vote/voting_dates/typ/blanko,-,https://politics.ld.admin.ch/political-rights/popular-vote/voting_dates/ergebnis/nein
2046-09-23,https://politics.ld.admin.ch/political-rights/popular-vote/voting_dates/typ/blanko,-,https://politics.ld.admin.ch/political-rights/popular-vote/voting_dates/ergebnis/nein
2046-11-25,https://politics.ld.admin.ch/political-rights/popular-vote/voting_dates/typ/blanko,-,https://politics.ld.admin.ch/political-rights/popular-vote/voting_dates/ergebnis/nein
2047-03-17,https://politics.ld.admin.ch/political-rights/popular-vote/voting_dates/typ/blanko,-,https://politics.ld.admin.ch/political-rights/popular-vote/voting_dates/ergebnis/nein
2047-06-09,https://politics.ld.admin.ch/political-rights/popular-vote/voting_dates/typ/blanko,-,https://politics.ld.admin.ch/political-rights/popular-vote/voting_dates/ergebnis/nein
2047-10-20,https://politics.ld.admin.ch/political-rights/popular-vote/voting_dates/typ/nationalratswahlen,-,https://politics.ld.admin.ch/political-rights/popular-vote/voting_dates/ergebnis/ja
2048-03-08,https://politics.ld.admin.ch/political-rights/popular-vote/voting_dates/typ/blanko,-,https://politics.ld.admin.ch/political-rights/popular-vote/voting_dates/ergebnis/nein
2048-05-31,https://politics.ld.admin.ch/political-rights/popular-vote/voting_dates/typ/blanko,-,https://politics.ld.admin.ch/political-rights/popular-vote/voting_dates/ergebnis/nein
2048-09-27,https://politics.ld.admin.ch/political-rights/popular-vote/voting_dates/typ/blanko,-,https://politics.ld.admin.ch/political-rights/popular-vote/voting_dates/ergebnis/nein
2048-11-29,https://politics.ld.admin.ch/political-rights/popular-vote/voting_dates/typ/blanko,-,https://politics.ld.admin.ch/political-rights/popular-vote/voting_dates/ergebnis/nein
2049-03-21,https://politics.ld.admin.ch/political-rights/popular-vote/voting_dates/typ/blanko,-,https://politics.ld.admin.ch/political-rights/popular-vote/voting_dates/ergebnis/nein
2049-06-13,https://politics.ld.admin.ch/political-rights/popular-vote/voting_dates/typ/blanko,-,https://politics.ld.admin.ch/political-rights/popular-vote/voting_dates/ergebnis/nein
2049-09-26,https://politics.ld.admin.ch/political-rights/popular-vote/voting_dates/typ/blanko,-,https://politics.ld.admin.ch/political-rights/popular-vote/voting_dates/ergebnis/nein
2049-11-28,https://politics.ld.admin.ch/political-rights/popular-vote/voting_dates/typ/blanko,-,https://politics.ld.admin.ch/political-rights/popular-vote/voting_dates/ergebnis/nein
2050-03-13,https://politics.ld.admin.ch/political-rights/popular-vote/voting_dates/typ/blanko,-,https://politics.ld.admin.ch/political-rights/popular-vote/voting_dates/ergebnis/nein
2050-06-05,https://politics.ld.admin.ch/political-rights/popular-vote/voting_dates/typ/blanko,-,https://politics.ld.admin.ch/political-rights/popular-vote/voting_dates/ergebnis/nein
2050-09-25,https://politics.ld.admin.ch/political-rights/popular-vote/voting_dates/typ/blanko,-,https://politics.ld.admin.ch/political-rights/popular-vote/voting_dates/ergebnis/nein
2050-11-27,https://politics.ld.admin.ch/political-rights/popular-vote/voting_dates/typ/blanko,-,https://politics.ld.admin.ch/political-rights/popular-vote/voting_dates/ergebnis/nein
2051-03-05,https://politics.ld.admin.ch/political-rights/popular-vote/voting_dates/typ/blanko,-,https://politics.ld.admin.ch/political-rights/popular-vote/voting_dates/ergebnis/nein
2051-05-28,https://politics.ld.admin.ch/political-rights/popular-vote/voting_dates/typ/blanko,-,https://politics.ld.admin.ch/political-rights/popular-vote/voting_dates/ergebnis/nein
2051-10-22,https://politics.ld.admin.ch/political-rights/popular-vote/voting_dates/typ/nationalratswahlen,-,https://politics.ld.admin.ch/political-rights/popular-vote/voting_dates/ergebnis/ja
2052-03-24,https://politics.ld.admin.ch/political-rights/popular-vote/voting_dates/typ/blanko,-,https://politics.ld.admin.ch/political-rights/popular-vote/voting_dates/ergebnis/nein
2052-06-16,https://politics.ld.admin.ch/political-rights/popular-vote/voting_dates/typ/blanko,-,https://politics.ld.admin.ch/political-rights/popular-vote/voting_dates/ergebnis/nein
2052-09-22,https://politics.ld.admin.ch/political-rights/popular-vote/voting_dates/typ/blanko,-,https://politics.ld.admin.ch/political-rights/popular-vote/voting_dates/ergebnis/nein
2052-11-24,https://politics.ld.admin.ch/political-rights/popular-vote/voting_dates/typ/blanko,-,https://politics.ld.admin.ch/political-rights/popular-vote/voting_dates/ergebnis/nein
2053-03-09,https://politics.ld.admin.ch/political-rights/popular-vote/voting_dates/typ/blanko,-,https://politics.ld.admin.ch/political-rights/popular-vote/voting_dates/ergebnis/nein
2053-06-01,https://politics.ld.admin.ch/political-rights/popular-vote/voting_dates/typ/blanko,-,https://politics.ld.admin.ch/political-rights/popular-vote/voting_dates/ergebnis/nein
2053-09-28,https://politics.ld.admin.ch/political-rights/popular-vote/voting_dates/typ/blanko,-,https://politics.ld.admin.ch/political-rights/popular-vote/voting_dates/ergebnis/nein
2053-11-30,https://politics.ld.admin.ch/political-rights/popular-vote/voting_dates/typ/blanko,-,https://politics.ld.admin.ch/political-rights/popular-vote/voting_dates/ergebnis/nein
2054-03-01,https://politics.ld.admin.ch/political-rights/popular-vote/voting_dates/typ/blanko,-,https://politics.ld.admin.ch/political-rights/popular-vote/voting_dates/ergebnis/nein
2054-05-24,https://politics.ld.admin.ch/political-rights/popular-vote/voting_dates/typ/blanko,-,https://politics.ld.admin.ch/political-rights/popular-vote/voting_dates/ergebnis/nein
2054-09-27,https://politics.ld.admin.ch/political-rights/popular-vote/voting_dates/typ/blanko,-,https://politics.ld.admin.ch/political-rights/popular-vote/voting_dates/ergebnis/nein
2054-11-29,https://politics.ld.admin.ch/political-rights/popular-vote/voting_dates/typ/blanko,-,https://politics.ld.admin.ch/political-rights/popular-vote/voting_dates/ergebnis/nein
2055-03-21,https://politics.ld.admin.ch/political-rights/popular-vote/voting_dates/typ/blanko,-,https://politics.ld.admin.ch/political-rights/popular-vote/voting_dates/ergebnis/nein
2055-06-13,https://politics.ld.admin.ch/political-rights/popular-vote/voting_dates/typ/blanko,-,https://politics.ld.admin.ch/political-rights/popular-vote/voting_dates/ergebnis/nein
2055-10-24,https://politics.ld.admin.ch/political-rights/popular-vote/voting_dates/typ/nationalratswahlen,-,https://politics.ld.admin.ch/political-rights/popular-vote/voting_dates/ergebnis/ja
2056-03-05,https://politics.ld.admin.ch/political-rights/popular-vote/voting_dates/typ/blanko,-,https://politics.ld.admin.ch/political-rights/popular-vote/voting_dates/ergebnis/nein
2056-05-28,https://politics.ld.admin.ch/political-rights/popular-vote/voting_dates/typ/blanko,-,https://politics.ld.admin.ch/political-rights/popular-vote/voting_dates/ergebnis/nein
2056-09-24,https://politics.ld.admin.ch/political-rights/popular-vote/voting_dates/typ/blanko,-,https://politics.ld.admin.ch/political-rights/popular-vote/voting_dates/ergebnis/nein
2056-11-26,https://politics.ld.admin.ch/political-rights/popular-vote/voting_dates/typ/blanko,-,https://politics.ld.admin.ch/political-rights/popular-vote/voting_dates/ergebnis/nein
2057-03-25,https://politics.ld.admin.ch/political-rights/popular-vote/voting_dates/typ/blanko,-,https://politics.ld.admin.ch/political-rights/popular-vote/voting_dates/ergebnis/nein
2057-06-17,https://politics.ld.admin.ch/political-rights/popular-vote/voting_dates/typ/blanko,-,https://politics.ld.admin.ch/political-rights/popular-vote/voting_dates/ergebnis/nein
2057-09-23,https://politics.ld.admin.ch/political-rights/popular-vote/voting_dates/typ/blanko,-,https://politics.ld.admin.ch/political-rights/popular-vote/voting_dates/ergebnis/nein
2057-11-25,https://politics.ld.admin.ch/political-rights/popular-vote/voting_dates/typ/blanko,-,https://politics.ld.admin.ch/political-rights/popular-vote/voting_dates/ergebnis/nein
2058-03-17,https://politics.ld.admin.ch/political-rights/popular-vote/voting_dates/typ/blanko,-,https://politics.ld.admin.ch/political-rights/popular-vote/voting_dates/ergebnis/nein
2058-06-09,https://politics.ld.admin.ch/political-rights/popular-vote/voting_dates/typ/blanko,-,https://politics.ld.admin.ch/political-rights/popular-vote/voting_dates/ergebnis/nein
2058-09-22,https://politics.ld.admin.ch/political-rights/popular-vote/voting_dates/typ/blanko,-,https://politics.ld.admin.ch/political-rights/popular-vote/voting_dates/ergebnis/nein
2058-11-24,https://politics.ld.admin.ch/political-rights/popular-vote/voting_dates/typ/blanko,-,https://politics.ld.admin.ch/political-rights/popular-vote/voting_dates/ergebnis/nein
2059-03-02,https://politics.ld.admin.ch/political-rights/popular-vote/voting_dates/typ/blanko,-,https://politics.ld.admin.ch/political-rights/popular-vote/voting_dates/ergebnis/nein
2059-05-25,https://politics.ld.admin.ch/political-rights/popular-vote/voting_dates/typ/blanko,-,https://politics.ld.admin.ch/political-rights/popular-vote/voting_dates/ergebnis/nein
2059-10-19,https://politics.ld.admin.ch/political-rights/popular-vote/voting_dates/typ/nationalratswahlen,-,https://politics.ld.admin.ch/political-rights/popular-vote/voting_dates/ergebnis/ja
2060-03-21,https://politics.ld.admin.ch/political-rights/popular-vote/voting_dates/typ/blanko,-,https://politics.ld.admin.ch/political-rights/popular-vote/voting_dates/ergebnis/nein
2060-06-13,https://politics.ld.admin.ch/political-rights/popular-vote/voting_dates/typ/blanko,-,https://politics.ld.admin.ch/political-rights/popular-vote/voting_dates/ergebnis/nein
2060-09-26,https://politics.ld.admin.ch/political-rights/popular-vote/voting_dates/typ/blanko,-,https://politics.ld.admin.ch/political-rights/popular-vote/voting_dates/ergebnis/nein
2060-11-28,https://politics.ld.admin.ch/political-rights/popular-vote/voting_dates/typ/blanko,-,https://politics.ld.admin.ch/political-rights/popular-vote/voting_dates/ergebnis/nein
2061-03-13,https://politics.ld.admin.ch/political-rights/popular-vote/voting_dates/typ/blanko,-,https://politics.ld.admin.ch/political-rights/popular-vote/voting_dates/ergebnis/nein
2061-06-05,https://politics.ld.admin.ch/political-rights/popular-vote/voting_dates/typ/blanko,-,https://politics.ld.admin.ch/political-rights/popular-vote/voting_dates/ergebnis/nein
2061-09-25,https://politics.ld.admin.ch/political-rights/popular-vote/voting_dates/typ/blanko,-,https://politics.ld.admin.ch/political-rights/popular-vote/voting_dates/ergebnis/nein
2061-11-27,https://politics.ld.admin.ch/political-rights/popular-vote/voting_dates/typ/blanko,-,https://politics.ld.admin.ch/political-rights/popular-vote/voting_dates/ergebnis/nein
2062-02-26,https://politics.ld.admin.ch/political-rights/popular-vote/voting_dates/typ/blanko,-,https://politics.ld.admin.ch/political-rights/popular-vote/voting_dates/ergebnis/nein
2062-05-21,https://politics.ld.admin.ch/political-rights/popular-vote/voting_dates/typ/blanko,-,https://politics.ld.admin.ch/political-rights/popular-vote/voting_dates/ergebnis/nein
2062-09-24,https://politics.ld.admin.ch/political-rights/popular-vote/voting_dates/typ/blanko,-,https://politics.ld.admin.ch/political-rights/popular-vote/voting_dates/ergebnis/nein
2062-11-26,https://politics.ld.admin.ch/political-rights/popular-vote/voting_dates/typ/blanko,-,https://politics.ld.admin.ch/political-rights/popular-vote/voting_dates/ergebnis/nein
2063-03-18,https://politics.ld.admin.ch/political-rights/popular-vote/voting_dates/typ/blanko,-,https://politics.ld.admin.ch/political-rights/popular-vote/voting_dates/ergebnis/nein
2063-06-10,https://politics.ld.admin.ch/political-rights/popular-vote/voting_dates/typ/blanko,-,https://politics.ld.admin.ch/political-rights/popular-vote/voting_dates/ergebnis/nein
2063-10-21,https://politics.ld.admin.ch/political-rights/popular-vote/voting_dates/typ/nationalratswahlen,-,https://politics.ld.admin.ch/political-rights/popular-vote/voting_dates/ergebnis/ja
2064-03-09,https://politics.ld.admin.ch/political-rights/popular-vote/voting_dates/typ/blanko,-,https://politics.ld.admin.ch/political-rights/popular-vote/voting_dates/ergebnis/nein
2064-06-01,https://politics.ld.admin.ch/political-rights/popular-vote/voting_dates/typ/blanko,-,https://politics.ld.admin.ch/political-rights/popular-vote/voting_dates/ergebnis/nein
2064-09-28,https://politics.ld.admin.ch/political-rights/popular-vote/voting_dates/typ/blanko,-,https://politics.ld.admin.ch/political-rights/popular-vote/voting_dates/ergebnis/nein
2064-11-30,https://politics.ld.admin.ch/political-rights/popular-vote/voting_dates/typ/blanko,-,https://politics.ld.admin.ch/political-rights/popular-vote/voting_dates/ergebnis/nein
2065-03-01,https://politics.ld.admin.ch/political-rights/popular-vote/voting_dates/typ/blanko,-,https://politics.ld.admin.ch/political-rights/popular-vote/voting_dates/ergebnis/nein
2065-05-24,https://politics.ld.admin.ch/political-rights/popular-vote/voting_dates/typ/blanko,-,https://politics.ld.admin.ch/political-rights/popular-vote/voting_dates/ergebnis/nein
2065-09-27,https://politics.ld.admin.ch/political-rights/popular-vote/voting_dates/typ/blanko,-,https://politics.ld.admin.ch/political-rights/popular-vote/voting_dates/ergebnis/nein
2065-11-29,https://politics.ld.admin.ch/political-rights/popular-vote/voting_dates/typ/blanko,-,https://politics.ld.admin.ch/political-rights/popular-vote/voting_dates/ergebnis/nein
2066-03-14,https://politics.ld.admin.ch/political-rights/popular-vote/voting_dates/typ/blanko,-,https://politics.ld.admin.ch/political-rights/popular-vote/voting_dates/ergebnis/nein
2066-06-06,https://politics.ld.admin.ch/political-rights/popular-vote/voting_dates/typ/blanko,-,https://politics.ld.admin.ch/political-rights/popular-vote/voting_dates/ergebnis/nein
2066-09-26,https://politics.ld.admin.ch/political-rights/popular-vote/voting_dates/typ/blanko,-,https://politics.ld.admin.ch/political-rights/popular-vote/voting_dates/ergebnis/nein
2066-11-28,https://politics.ld.admin.ch/political-rights/popular-vote/voting_dates/typ/blanko,-,https://politics.ld.admin.ch/political-rights/popular-vote/voting_dates/ergebnis/nein
2067-03-06,https://politics.ld.admin.ch/political-rights/popular-vote/voting_dates/typ/blanko,-,https://politics.ld.admin.ch/political-rights/popular-vote/voting_dates/ergebnis/nein
2067-05-29,https://politics.ld.admin.ch/political-rights/popular-vote/voting_dates/typ/blanko,-,https://politics.ld.admin.ch/political-rights/popular-vote/voting_dates/ergebnis/nein
2067-10-23,https://politics.ld.admin.ch/political-rights/popular-vote/voting_dates/typ/nationalratswahlen,-,https://politics.ld.admin.ch/political-rights/popular-vote/voting_dates/ergebnis/ja
2068-03-25,https://politics.ld.admin.ch/political-rights/popular-vote/voting_dates/typ/blanko,-,https://politics.ld.admin.ch/political-rights/popular-vote/voting_dates/ergebnis/nein
2068-06-17,https://politics.ld.admin.ch/political-rights/popular-vote/voting_dates/typ/blanko,-,https://politics.ld.admin.ch/political-rights/popular-vote/voting_dates/ergebnis/nein
2068-09-23,https://politics.ld.admin.ch/political-rights/popular-vote/voting_dates/typ/blanko,-,https://politics.ld.admin.ch/political-rights/popular-vote/voting_dates/ergebnis/nein
2068-11-25,https://politics.ld.admin.ch/political-rights/popular-vote/voting_dates/typ/blanko,-,https://politics.ld.admin.ch/political-rights/popular-vote/voting_dates/ergebnis/nein
2069-03-17,https://politics.ld.admin.ch/political-rights/popular-vote/voting_dates/typ/blanko,-,https://politics.ld.admin.ch/political-rights/popular-vote/voting_dates/ergebnis/nein
2069-06-09,https://politics.ld.admin.ch/political-rights/popular-vote/voting_dates/typ/blanko,-,https://politics.ld.admin.ch/political-rights/popular-vote/voting_dates/ergebnis/nein
2069-09-22,https://politics.ld.admin.ch/political-rights/popular-vote/voting_dates/typ/blanko,-,https://politics.ld.admin.ch/political-rights/popular-vote/voting_dates/ergebnis/nein
2069-11-24,https://politics.ld.admin.ch/political-rights/popular-vote/voting_dates/typ/blanko,-,https://politics.ld.admin.ch/political-rights/popular-vote/voting_dates/ergebnis/nein
2070-03-02,https://politics.ld.admin.ch/political-rights/popular-vote/voting_dates/typ/blanko,-,https://politics.ld.admin.ch/political-rights/popular-vote/voting_dates/ergebnis/nein
2070-05-25,https://politics.ld.admin.ch/political-rights/popular-vote/voting_dates/typ/blanko,-,https://politics.ld.admin.ch/political-rights/popular-vote/voting_dates/ergebnis/nein
2070-09-28,https://politics.ld.admin.ch/political-rights/popular-vote/voting_dates/typ/blanko,-,https://politics.ld.admin.ch/political-rights/popular-vote/voting_dates/ergebnis/nein
2070-11-30,https://politics.ld.admin.ch/political-rights/popular-vote/voting_dates/typ/blanko,-,https://politics.ld.admin.ch/political-rights/popular-vote/voting_dates/ergebnis/nein
2071-03-22,https://politics.ld.admin.ch/political-rights/popular-vote/voting_dates/typ/blanko,-,https://politics.ld.admin.ch/political-rights/popular-vote/voting_dates/ergebnis/nein
2071-06-14,https://politics.ld.admin.ch/political-rights/popular-vote/voting_dates/typ/blanko,-,https://politics.ld.admin.ch/political-rights/popular-vote/voting_dates/ergebnis/nein
2071-10-18,https://politics.ld.admin.ch/political-rights/popular-vote/voting_dates/typ/nationalratswahlen,-,https://politics.ld.admin.ch/political-rights/popular-vote/voting_dates/ergebnis/ja
2072-03-13,https://politics.ld.admin.ch/political-rights/popular-vote/voting_dates/typ/blanko,-,https://politics.ld.admin.ch/political-rights/popular-vote/voting_dates/ergebnis/nein
2072-06-05,https://politics.ld.admin.ch/political-rights/popular-vote/voting_dates/typ/blanko,-,https://politics.ld.admin.ch/political-rights/popular-vote/voting_dates/ergebnis/nein
2072-09-25,https://politics.ld.admin.ch/political-rights/popular-vote/voting_dates/typ/blanko,-,https://politics.ld.admin.ch/political-rights/popular-vote/voting_dates/ergebnis/nein
2072-11-27,https://politics.ld.admin.ch/political-rights/popular-vote/voting_dates/typ/blanko,-,https://politics.ld.admin.ch/political-rights/popular-vote/voting_dates/ergebnis/nein
2073-02-26,https://politics.ld.admin.ch/political-rights/popular-vote/voting_dates/typ/blanko,-,https://politics.ld.admin.ch/political-rights/popular-vote/voting_dates/ergebnis/nein
2073-05-21,https://politics.ld.admin.ch/political-rights/popular-vote/voting_dates/typ/blanko,-,https://politics.ld.admin.ch/political-rights/popular-vote/voting_dates/ergebnis/nein
2073-09-24,https://politics.ld.admin.ch/political-rights/popular-vote/voting_dates/typ/blanko,-,https://politics.ld.admin.ch/political-rights/popular-vote/voting_dates/ergebnis/nein
2073-11-26,https://politics.ld.admin.ch/political-rights/popular-vote/voting_dates/typ/blanko,-,https://politics.ld.admin.ch/political-rights/popular-vote/voting_dates/ergebnis/nein
2074-03-18,https://politics.ld.admin.ch/political-rights/popular-vote/voting_dates/typ/blanko,-,https://politics.ld.admin.ch/political-rights/popular-vote/voting_dates/ergebnis/nein
2074-06-10,https://politics.ld.admin.ch/political-rights/popular-vote/voting_dates/typ/blanko,-,https://politics.ld.admin.ch/political-rights/popular-vote/voting_dates/ergebnis/nein
2074-09-23,https://politics.ld.admin.ch/political-rights/popular-vote/voting_dates/typ/blanko,-,https://politics.ld.admin.ch/political-rights/popular-vote/voting_dates/ergebnis/nein
2074-11-25,https://politics.ld.admin.ch/political-rights/popular-vote/voting_dates/typ/blanko,-,https://politics.ld.admin.ch/political-rights/popular-vote/voting_dates/ergebnis/nein
2075-03-10,https://politics.ld.admin.ch/political-rights/popular-vote/voting_dates/typ/blanko,-,https://politics.ld.admin.ch/political-rights/popular-vote/voting_dates/ergebnis/nein
2075-06-02,https://politics.ld.admin.ch/political-rights/popular-vote/voting_dates/typ/blanko,-,https://politics.ld.admin.ch/political-rights/popular-vote/voting_dates/ergebnis/nein
2075-10-20,https://politics.ld.admin.ch/political-rights/popular-vote/voting_dates/typ/nationalratswahlen,-,https://politics.ld.admin.ch/political-rights/popular-vote/voting_dates/ergebnis/ja
2076-03-22,https://politics.ld.admin.ch/political-rights/popular-vote/voting_dates/typ/blanko,-,https://politics.ld.admin.ch/political-rights/popular-vote/voting_dates/ergebnis/nein
2076-06-14,https://politics.ld.admin.ch/political-rights/popular-vote/voting_dates/typ/blanko,-,https://politics.ld.admin.ch/political-rights/popular-vote/voting_dates/ergebnis/nein
2076-09-27,https://politics.ld.admin.ch/political-rights/popular-vote/voting_dates/typ/blanko,-,https://politics.ld.admin.ch/political-rights/popular-vote/voting_dates/ergebnis/nein
2076-11-29,https://politics.ld.admin.ch/political-rights/popular-vote/voting_dates/typ/blanko,-,https://politics.ld.admin.ch/political-rights/popular-vote/voting_dates/ergebnis/nein
2077-03-14,https://politics.ld.admin.ch/political-rights/popular-vote/voting_dates/typ/blanko,-,https://politics.ld.admin.ch/political-rights/popular-vote/voting_dates/ergebnis/nein
2077-06-06,https://politics.ld.admin.ch/political-rights/popular-vote/voting_dates/typ/blanko,-,https://politics.ld.admin.ch/political-rights/popular-vote/voting_dates/ergebnis/nein
2077-09-26,https://politics.ld.admin.ch/political-rights/popular-vote/voting_dates/typ/blanko,-,https://politics.ld.admin.ch/political-rights/popular-vote/voting_dates/ergebnis/nein
2077-11-28,https://politics.ld.admin.ch/political-rights/popular-vote/voting_dates/typ/blanko,-,https://politics.ld.admin.ch/political-rights/popular-vote/voting_dates/ergebnis/nein
2078-03-06,https://politics.ld.admin.ch/political-rights/popular-vote/voting_dates/typ/blanko,-,https://politics.ld.admin.ch/political-rights/popular-vote/voting_dates/ergebnis/nein
2078-05-29,https://politics.ld.admin.ch/political-rights/popular-vote/voting_dates/typ/blanko,-,https://politics.ld.admin.ch/political-rights/popular-vote/voting_dates/ergebnis/nein
2078-09-25,https://politics.ld.admin.ch/political-rights/popular-vote/voting_dates/typ/blanko,-,https://politics.ld.admin.ch/political-rights/popular-vote/voting_dates/ergebnis/nein
2078-11-27,https://politics.ld.admin.ch/political-rights/popular-vote/voting_dates/typ/blanko,-,https://politics.ld.admin.ch/political-rights/popular-vote/voting_dates/ergebnis/nein
2079-03-26,https://politics.ld.admin.ch/political-rights/popular-vote/voting_dates/typ/blanko,-,https://politics.ld.admin.ch/political-rights/popular-vote/voting_dates/ergebnis/nein
2079-06-18,https://politics.ld.admin.ch/political-rights/popular-vote/voting_dates/typ/blanko,-,https://politics.ld.admin.ch/political-rights/popular-vote/voting_dates/ergebnis/nein
2079-10-22,https://politics.ld.admin.ch/political-rights/popular-vote/voting_dates/typ/nationalratswahlen,-,https://politics.ld.admin.ch/political-rights/popular-vote/voting_dates/ergebnis/ja
2080-03-10,https://politics.ld.admin.ch/political-rights/popular-vote/voting_dates/typ/blanko,-,https://politics.ld.admin.ch/political-rights/popular-vote/voting_dates/ergebnis/nein
2080-06-02,https://politics.ld.admin.ch/political-rights/popular-vote/voting_dates/typ/blanko,-,https://politics.ld.admin.ch/political-rights/popular-vote/voting_dates/ergebnis/nein
2080-09-22,https://politics.ld.admin.ch/political-rights/popular-vote/voting_dates/typ/blanko,-,https://politics.ld.admin.ch/political-rights/popular-vote/voting_dates/ergebnis/nein
2080-11-24,https://politics.ld.admin.ch/political-rights/popular-vote/voting_dates/typ/blanko,-,https://politics.ld.admin.ch/political-rights/popular-vote/voting_dates/ergebnis/nein
2081-03-02,https://politics.ld.admin.ch/political-rights/popular-vote/voting_dates/typ/blanko,-,https://politics.ld.admin.ch/political-rights/popular-vote/voting_dates/ergebnis/nein
2081-05-25,https://politics.ld.admin.ch/political-rights/popular-vote/voting_dates/typ/blanko,-,https://politics.ld.admin.ch/political-rights/popular-vote/voting_dates/ergebnis/nein
2081-09-28,https://politics.ld.admin.ch/political-rights/popular-vote/voting_dates/typ/blanko,-,https://politics.ld.admin.ch/political-rights/popular-vote/voting_dates/ergebnis/nein
2081-11-30,https://politics.ld.admin.ch/political-rights/popular-vote/voting_dates/typ/blanko,-,https://politics.ld.admin.ch/political-rights/popular-vote/voting_dates/ergebnis/nein
2082-03-22,https://politics.ld.admin.ch/political-rights/popular-vote/voting_dates/typ/blanko,-,https://politics.ld.admin.ch/political-rights/popular-vote/voting_dates/ergebnis/nein
2082-06-14,https://politics.ld.admin.ch/political-rights/popular-vote/voting_dates/typ/blanko,-,https://politics.ld.admin.ch/political-rights/popular-vote/voting_dates/ergebnis/nein
2082-09-27,https://politics.ld.admin.ch/political-rights/popular-vote/voting_dates/typ/blanko,-,https://politics.ld.admin.ch/political-rights/popular-vote/voting_dates/ergebnis/nein
2082-11-29,https://politics.ld.admin.ch/political-rights/popular-vote/voting_dates/typ/blanko,-,https://politics.ld.admin.ch/political-rights/popular-vote/voting_dates/ergebnis/nein
2083-03-07,https://politics.ld.admin.ch/political-rights/popular-vote/voting_dates/typ/blanko,-,https://politics.ld.admin.ch/political-rights/popular-vote/voting_dates/ergebnis/nein
2083-05-30,https://politics.ld.admin.ch/political-rights/popular-vote/voting_dates/typ/blanko,-,https://politics.ld.admin.ch/political-rights/popular-vote/voting_dates/ergebnis/nein
2083-10-24,https://politics.ld.admin.ch/political-rights/popular-vote/voting_dates/typ/nationalratswahlen,-,https://politics.ld.admin.ch/political-rights/popular-vote/voting_dates/ergebnis/ja
2084-02-27,https://politics.ld.admin.ch/political-rights/popular-vote/voting_dates/typ/blanko,-,https://politics.ld.admin.ch/political-rights/popular-vote/voting_dates/ergebnis/nein
2084-05-21,https://politics.ld.admin.ch/political-rights/popular-vote/voting_dates/typ/blanko,-,https://politics.ld.admin.ch/political-rights/popular-vote/voting_dates/ergebnis/nein
2084-09-24,https://politics.ld.admin.ch/political-rights/popular-vote/voting_dates/typ/blanko,-,https://politics.ld.admin.ch/political-rights/popular-vote/voting_dates/ergebnis/nein
2084-11-26,https://politics.ld.admin.ch/political-rights/popular-vote/voting_dates/typ/blanko,-,https://politics.ld.admin.ch/political-rights/popular-vote/voting_dates/ergebnis/nein
2085-03-18,https://politics.ld.admin.ch/political-rights/popular-vote/voting_dates/typ/blanko,-,https://politics.ld.admin.ch/political-rights/popular-vote/voting_dates/ergebnis/nein
2085-06-10,https://politics.ld.admin.ch/political-rights/popular-vote/voting_dates/typ/blanko,-,https://politics.ld.admin.ch/political-rights/popular-vote/voting_dates/ergebnis/nein
2085-09-23,https://politics.ld.admin.ch/political-rights/popular-vote/voting_dates/typ/blanko,-,https://politics.ld.admin.ch/political-rights/popular-vote/voting_dates/ergebnis/nein
2085-11-25,https://politics.ld.admin.ch/political-rights/popular-vote/voting_dates/typ/blanko,-,https://politics.ld.admin.ch/political-rights/popular-vote/voting_dates/ergebnis/nein
2086-03-03,https://politics.ld.admin.ch/political-rights/popular-vote/voting_dates/typ/blanko,-,https://politics.ld.admin.ch/political-rights/popular-vote/voting_dates/ergebnis/nein
2086-05-26,https://politics.ld.admin.ch/political-rights/popular-vote/voting_dates/typ/blanko,-,https://politics.ld.admin.ch/political-rights/popular-vote/voting_dates/ergebnis/nein
2086-09-22,https://politics.ld.admin.ch/political-rights/popular-vote/voting_dates/typ/blanko,-,https://politics.ld.admin.ch/political-rights/popular-vote/voting_dates/ergebnis/nein
2086-11-24,https://politics.ld.admin.ch/political-rights/popular-vote/voting_dates/typ/blanko,-,https://politics.ld.admin.ch/political-rights/popular-vote/voting_dates/ergebnis/nein
2087-03-23,https://politics.ld.admin.ch/political-rights/popular-vote/voting_dates/typ/blanko,-,https://politics.ld.admin.ch/political-rights/popular-vote/voting_dates/ergebnis/nein
2087-06-15,https://politics.ld.admin.ch/political-rights/popular-vote/voting_dates/typ/blanko,-,https://politics.ld.admin.ch/political-rights/popular-vote/voting_dates/ergebnis/nein
2087-10-19,https://politics.ld.admin.ch/political-rights/popular-vote/voting_dates/typ/nationalratswahlen,-,https://politics.ld.admin.ch/political-rights/popular-vote/voting_dates/ergebnis/ja
2088-03-14,https://politics.ld.admin.ch/political-rights/popular-vote/voting_dates/typ/blanko,-,https://politics.ld.admin.ch/political-rights/popular-vote/voting_dates/ergebnis/nein
2088-06-06,https://politics.ld.admin.ch/political-rights/popular-vote/voting_dates/typ/blanko,-,https://politics.ld.admin.ch/political-rights/popular-vote/voting_dates/ergebnis/nein
2088-09-26,https://politics.ld.admin.ch/political-rights/popular-vote/voting_dates/typ/blanko,-,https://politics.ld.admin.ch/political-rights/popular-vote/voting_dates/ergebnis/nein
2088-11-28,https://politics.ld.admin.ch/political-rights/popular-vote/voting_dates/typ/blanko,-,https://politics.ld.admin.ch/political-rights/popular-vote/voting_dates/ergebnis/nein
2089-03-06,https://politics.ld.admin.ch/political-rights/popular-vote/voting_dates/typ/blanko,-,https://politics.ld.admin.ch/political-rights/popular-vote/voting_dates/ergebnis/nein
2089-05-29,https://politics.ld.admin.ch/political-rights/popular-vote/voting_dates/typ/blanko,-,https://politics.ld.admin.ch/political-rights/popular-vote/voting_dates/ergebnis/nein
2089-09-25,https://politics.ld.admin.ch/political-rights/popular-vote/voting_dates/typ/blanko,-,https://politics.ld.admin.ch/political-rights/popular-vote/voting_dates/ergebnis/nein
2089-11-27,https://politics.ld.admin.ch/political-rights/popular-vote/voting_dates/typ/blanko,-,https://politics.ld.admin.ch/political-rights/popular-vote/voting_dates/ergebnis/nein
2090-03-19,https://politics.ld.admin.ch/political-rights/popular-vote/voting_dates/typ/blanko,-,https://politics.ld.admin.ch/political-rights/popular-vote/voting_dates/ergebnis/nein
2090-06-11,https://politics.ld.admin.ch/political-rights/popular-vote/voting_dates/typ/blanko,-,https://politics.ld.admin.ch/political-rights/popular-vote/voting_dates/ergebnis/nein
2090-09-24,https://politics.ld.admin.ch/political-rights/popular-vote/voting_dates/typ/blanko,-,https://politics.ld.admin.ch/political-rights/popular-vote/voting_dates/ergebnis/nein
2090-11-26,https://politics.ld.admin.ch/political-rights/popular-vote/voting_dates/typ/blanko,-,https://politics.ld.admin.ch/political-rights/popular-vote/voting_dates/ergebnis/nein
2091-03-11,https://politics.ld.admin.ch/political-rights/popular-vote/voting_dates/typ/blanko,-,https://politics.ld.admin.ch/political-rights/popular-vote/voting_dates/ergebnis/nein
2091-06-03,https://politics.ld.admin.ch/political-rights/popular-vote/voting_dates/typ/blanko,-,https://politics.ld.admin.ch/political-rights/popular-vote/voting_dates/ergebnis/nein
2091-10-21,https://politics.ld.admin.ch/political-rights/popular-vote/voting_dates/typ/nationalratswahlen,-,https://politics.ld.admin.ch/political-rights/popular-vote/voting_dates/ergebnis/ja
2092-03-02,https://politics.ld.admin.ch/political-rights/popular-vote/voting_dates/typ/blanko,-,https://politics.ld.admin.ch/political-rights/popular-vote/voting_dates/ergebnis/nein
2092-05-25,https://politics.ld.admin.ch/political-rights/popular-vote/voting_dates/typ/blanko,-,https://politics.ld.admin.ch/political-rights/popular-vote/voting_dates/ergebnis/nein
2092-09-28,https://politics.ld.admin.ch/political-rights/popular-vote/voting_dates/typ/blanko,-,https://politics.ld.admin.ch/political-rights/popular-vote/voting_dates/ergebnis/nein
2092-11-30,https://politics.ld.admin.ch/political-rights/popular-vote/voting_dates/typ/blanko,-,https://politics.ld.admin.ch/political-rights/popular-vote/voting_dates/ergebnis/nein
2093-03-15,https://politics.ld.admin.ch/political-rights/popular-vote/voting_dates/typ/blanko,-,https://politics.ld.admin.ch/political-rights/popular-vote/voting_dates/ergebnis/nein
2093-06-07,https://politics.ld.admin.ch/political-rights/popular-vote/voting_dates/typ/blanko,-,https://politics.ld.admin.ch/political-rights/popular-vote/voting_dates/ergebnis/nein
2093-09-27,https://politics.ld.admin.ch/political-rights/popular-vote/voting_dates/typ/blanko,-,https://politics.ld.admin.ch/political-rights/popular-vote/voting_dates/ergebnis/nein
2093-11-29,https://politics.ld.admin.ch/political-rights/popular-vote/voting_dates/typ/blanko,-,https://politics.ld.admin.ch/political-rights/popular-vote/voting_dates/ergebnis/nein
2094-03-07,https://politics.ld.admin.ch/political-rights/popular-vote/voting_dates/typ/blanko,-,https://politics.ld.admin.ch/political-rights/popular-vote/voting_dates/ergebnis/nein
2094-05-30,https://politics.ld.admin.ch/political-rights/popular-vote/voting_dates/typ/blanko,-,https://politics.ld.admin.ch/political-rights/popular-vote/voting_dates/ergebnis/nein
2094-09-26,https://politics.ld.admin.ch/political-rights/popular-vote/voting_dates/typ/blanko,-,https://politics.ld.admin.ch/political-rights/popular-vote/voting_dates/ergebnis/nein
2094-11-28,https://politics.ld.admin.ch/political-rights/popular-vote/voting_dates/typ/blanko,-,https://politics.ld.admin.ch/political-rights/popular-vote/voting_dates/ergebnis/nein
2095-03-27,https://politics.ld.admin.ch/political-rights/popular-vote/voting_dates/typ/blanko,-,https://politics.ld.admin.ch/political-rights/popular-vote/voting_dates/ergebnis/nein
2095-06-19,https://politics.ld.admin.ch/political-rights/popular-vote/voting_dates/typ/blanko,-,https://politics.ld.admin.ch/political-rights/popular-vote/voting_dates/ergebnis/nein
2095-10-23,https://politics.ld.admin.ch/political-rights/popular-vote/voting_dates/typ/nationalratswahlen,-,https://politics.ld.admin.ch/political-rights/popular-vote/voting_dates/ergebnis/ja
2096-03-18,https://politics.ld.admin.ch/political-rights/popular-vote/voting_dates/typ/blanko,-,https://politics.ld.admin.ch/political-rights/popular-vote/voting_dates/ergebnis/nein
2096-06-10,https://politics.ld.admin.ch/political-rights/popular-vote/voting_dates/typ/blanko,-,https://politics.ld.admin.ch/political-rights/popular-vote/voting_dates/ergebnis/nein
2096-09-23,https://politics.ld.admin.ch/political-rights/popular-vote/voting_dates/typ/blanko,-,https://politics.ld.admin.ch/political-rights/popular-vote/voting_dates/ergebnis/nein
2096-11-25,https://politics.ld.admin.ch/political-rights/popular-vote/voting_dates/typ/blanko,-,https://politics.ld.admin.ch/political-rights/popular-vote/voting_dates/ergebnis/nein
2097-03-03,https://politics.ld.admin.ch/political-rights/popular-vote/voting_dates/typ/blanko,-,https://politics.ld.admin.ch/political-rights/popular-vote/voting_dates/ergebnis/nein
2097-05-26,https://politics.ld.admin.ch/political-rights/popular-vote/voting_dates/typ/blanko,-,https://politics.ld.admin.ch/political-rights/popular-vote/voting_dates/ergebnis/nein
2097-09-22,https://politics.ld.admin.ch/political-rights/popular-vote/voting_dates/typ/blanko,-,https://politics.ld.admin.ch/political-rights/popular-vote/voting_dates/ergebnis/nein
2097-11-24,https://politics.ld.admin.ch/political-rights/popular-vote/voting_dates/typ/blanko,-,https://politics.ld.admin.ch/political-rights/popular-vote/voting_dates/ergebnis/nein
2098-03-23,https://politics.ld.admin.ch/political-rights/popular-vote/voting_dates/typ/blanko,-,https://politics.ld.admin.ch/political-rights/popular-vote/voting_dates/ergebnis/nein
2098-06-15,https://politics.ld.admin.ch/political-rights/popular-vote/voting_dates/typ/blanko,-,https://politics.ld.admin.ch/political-rights/popular-vote/voting_dates/ergebnis/nein
2098-09-28,https://politics.ld.admin.ch/political-rights/popular-vote/voting_dates/typ/blanko,-,https://politics.ld.admin.ch/political-rights/popular-vote/voting_dates/ergebnis/nein
2098-11-30,https://politics.ld.admin.ch/political-rights/popular-vote/voting_dates/typ/blanko,-,https://politics.ld.admin.ch/political-rights/popular-vote/voting_dates/ergebnis/nein
2099-03-15,https://politics.ld.admin.ch/political-rights/popular-vote/voting_dates/typ/blanko,-,https://politics.ld.admin.ch/political-rights/popular-vote/voting_dates/ergebnis/nein
2099-06-07,https://politics.ld.admin.ch/political-rights/popular-vote/voting_dates/typ/blanko,-,https://politics.ld.admin.ch/political-rights/popular-vote/voting_dates/ergebnis/nein
2099-10-18,https://politics.ld.admin.ch/political-rights/popular-vote/voting_dates/typ/nationalratswahlen,-,https://politics.ld.admin.ch/political-rights/popular-vote/voting_dates/ergebnis/ja
2100-02-28,https://politics.ld.admin.ch/political-rights/popular-vote/voting_dates/typ/blanko,-,https://politics.ld.admin.ch/political-rights/popular-vote/voting_dates/ergebnis/nein
2100-05-23,https://politics.ld.admin.ch/political-rights/popular-vote/voting_dates/typ/blanko,-,https://politics.ld.admin.ch/political-rights/popular-vote/voting_dates/ergebnis/nein
2100-09-26,https://politics.ld.admin.ch/political-rights/popular-vote/voting_dates/typ/blanko,-,https://politics.ld.admin.ch/political-rights/popular-vote/voting_dates/ergebnis/nein
2100-11-28,https://politics.ld.admin.ch/political-rights/popular-vote/voting_dates/typ/blanko,-,https://politics.ld.admin.ch/political-rights/popular-vote/voting_dates/ergebnis/nein
